Sample,red,green,blue,black,Material,Predicted_Label
3992,49.76163981689524,36.267968370751404,33.09688622912793,94.86354478459066,8.0,8
2021_Sep_01_SR-3501_SN19387Q4__00117.sed,59.67880323720929,43.41475963419403,39.19670803664394,114.73225851151696,4.0,4
5257,57.7632182291605,41.99644106981802,37.85888784089072,110.613826811152,2.0,2
2021_Aug_30_SR-3501_SN19387Q4__00324.sed,53.67309944891743,38.59099917578292,34.824728776993595,99.62270647388486,1.0,1
4858,49.85742252528141,36.355622258005454,33.20645997937311,95.089998140202,8.0,8
280,14.82696682379989,10.713518462201808,9.444866985886868,27.49618221556961,2.0,2
2462,59.47924439503456,43.29228447340446,39.09086987110001,114.38799370431138,9.0,9
1541,58.0032446318898,42.244310710944255,38.23380046349027,111.9074674846306,9.0,9
3530,59.45371940627301,43.27599987862179,39.08755779125157,114.35338625768908,9.0,9
4840,53.45179462536598,39.00339771325178,35.685595581786465,104.0167688005766,7.0,7
1275,59.30329884635822,43.15660364160544,38.96849393110918,114.07085079755412,9.0,9
2021_Aug_31_SR-3501_SN19387Q4__00586.sed,57.55016532607027,41.87921846309142,37.80097302371481,110.46461592109333,3.0,3
2021_Sep_01_SR-3501_SN19387Q4__00639.sed,56.88291162048179,41.31386684215222,37.20617016970312,108.657961035938,5.0,5
369,55.93157603267365,40.75959126727464,36.87349854998685,109.24202778360537,4.0,4
2021_Aug_30_SR-3501_SN19387Q4__00148.sed,48.5821506361048,34.92364044804364,31.01987735932216,89.53635190586806,1.0,1
1128,59.40782909341841,43.23646560224663,39.03643165881943,114.25066297480012,9.0,9
2021_Sep_01_SR-3501_SN19387Q4__00430.sed,57.54563189086083,41.770513551197226,37.63653222896814,109.79815200277726,5.0,5
3548,58.5011388313109,42.517250082533046,38.2966527364007,112.17538414411612,7.0,7
4409,57.49218490487483,41.757196486773225,37.59009504462174,110.04173652013378,2.0,2
2021_Sep_01_SR-3501_SN19387Q4__00009.sed,58.87452516101309,42.84413870972775,38.680068700058456,113.3508601950239,4.0,4
4038,58.19809252523267,42.387186935226026,38.387731527967645,112.30311172914564,9.0,9
3982,46.26546268536784,33.64956119023251,30.795538484542416,88.6497905348985,8.0,8
3804,59.66662061988118,43.41691547942197,39.19628456813317,114.75026762781438,9.0,9
2021_Aug_30_SR-3501_SN19387Q4__00056.sed,57.773771222362576,41.77359011382384,37.451259147895314,109.62586605536268,1.0,1
2021_Aug_30_SR-3501_SN19387Q4__00154.sed,49.41635949968813,35.56808936061368,31.65237237591892,91.32830882152716,1.0,1
2021_Aug_30_SR-3501_SN19387Q4__00280.sed,45.225176033298624,32.76089360890128,29.33674564600361,83.20806085121384,1.0,1
5186,57.50382953841438,41.79271094154886,37.65914873130643,110.18056111336304,2.0,2
2556,47.14404096626431,34.16594271759686,30.6252338485756,89.97219773983706,7.0,7
2021_Aug_30_SR-3501_SN19387Q4__00225.sed,57.30758178908186,41.271262898019216,37.24144768194128,108.12874940391411,1.0,1
2021_Aug_30_SR-3501_SN19387Q4__00151.sed,49.37762350811912,35.53448631669882,31.61486418086572,91.22216479331686,1.0,1
2021_Sep_01_SR-3501_SN19387Q4__01011.sed,47.03667801700405,34.14733132718936,31.12886464135923,86.46521015199363,6.0,6
2199,50.319644012581314,36.82780111222232,33.90480683082743,99.4545448402266,2.0,2
1286,59.36798331450777,43.20211179720802,39.004867868486286,114.14987731512086,9.0,9
2021_Aug_31_SR-3501_SN19387Q4__00767.sed,58.27432889142607,42.32837356324775,38.21671885584041,111.34067820365412,3.0,3
5055,58.09979280078485,42.31162588323276,38.329555112866686,112.0738085612734,9.0,9
1265,45.93437178972974,33.112217440452625,29.88107809885025,87.05947642710251,8.0,8
3625,55.13273213908328,39.99681856615849,35.98354660379407,104.5269343299327,8.0,8
591,49.18385949051245,35.32030795011838,31.32071080369205,93.11309765472244,7.0,7
2021_Sep_01_SR-3501_SN19387Q4__00663.sed,57.76474396721337,41.91343263958477,37.76711590495775,110.12863277538352,5.0,5
1963,57.37980493377752,41.6373255578341,37.4162606680279,109.5177384234926,7.0,7
2021_Sep_01_SR-3501_SN19387Q4__00848.sed,48.19313462726531,34.237269527746605,30.04797143788109,87.50935829996178,6.0,6
2021_Aug_31_SR-3501_SN19387Q4__00652.sed,58.91520821267096,42.79854643744662,38.64976611260378,112.80562037833944,3.0,3
2021_Aug_30_SR-3501_SN19387Q4__00173.sed,52.42639122462319,37.79670957162851,33.8351593440436,97.4661283217781,1.0,1
2508,57.481301161515546,41.77239811415398,37.63432530338628,110.15222543915108,2.0,2
4951,57.12772953750102,41.66511511965992,37.85269146807677,110.2177258705948,2.0,2
2021_Aug_31_SR-3501_SN19387Q4__00252.sed,41.86300299317598,30.868103271155007,28.62932130529425,80.28042253719646,2.0,2
5131,59.12837444795434,43.03539533866652,38.86921576939065,113.70612843444526,9.0,9
1369,49.47638048670045,36.18700042506422,33.52649745658712,96.38495257787687,8.0,8
1439,58.63947303909012,42.68552237403687,38.61621038364778,112.70390380845956,7.0,7
2291,48.8214339998188,35.40943887000563,31.823853362769714,93.33765576988527,7.0,7
1202,58.84590445009251,42.7681604462236,38.52526289988343,112.7485940348067,7.0,7
2021_Aug_31_SR-3501_SN19387Q4__00798.sed,58.85437600060338,42.68371484076873,38.55988420397934,112.49096814987136,3.0,3
570,53.72718520589102,39.0940613323449,35.44651081459067,104.63268785427296,9.0,9
3736,29.38467148575993,20.63289150964687,17.72329149712936,52.57789753702141,8.0,8
2021_Sep_01_SR-3501_SN19387Q4__00077.sed,59.65356251329926,43.42067702976966,39.20623205396484,114.7707791410127,4.0,4
3848,57.21798210071239,41.53751521621257,37.35854380371941,109.05525885784822,2.0,2
2021_Aug_31_SR-3501_SN19387Q4__00331.sed,56.03352104880173,40.44727468441047,36.85781278744251,105.65236773058304,2.0,2
3057,59.557675401385055,43.35453038812895,39.17001763525533,114.62006033829738,9.0,9
4454,58.20622225462925,42.30344480188985,38.11518562052244,111.3794020966788,2.0,2
2021_Aug_30_SR-3501_SN19387Q4__00264.sed,40.702000253360566,29.37403329886798,26.15074555391676,73.91400071524967,1.0,1
3513,56.21985803527092,40.904582712696254,36.956726338230105,108.131174446509,9.0,9
1876,48.84816533106376,35.34500832145972,31.57343211925111,91.21640690842604,8.0,8
5345,55.64466283880793,40.4166015930848,36.41559818810566,106.06509977200234,8.0,8
2877,58.27235298342271,42.40401344558103,38.3569911513737,111.96512110217328,7.0,7
2940,57.966021019589725,42.247329098154665,38.31336864978925,111.59817146051338,2.0,2
2021_Sep_01_SR-3501_SN19387Q4__00083.sed,59.65394870487879,43.41956367114862,39.20470674785763,114.7613421552358,4.0,4
2021_Sep_01_SR-3501_SN19387Q4__00975.sed,37.37826014238069,27.34989315148473,25.11075384272237,68.6206244051515,6.0,6
2021_Sep_01_SR-3501_SN19387Q4__01012.sed,47.030181038932746,34.142226565598044,31.12418592343056,86.45074743713249,6.0,6
2021_Sep_01_SR-3501_SN19387Q4__00338.sed,59.65629896325099,43.41320673879939,39.19261782817385,114.70654541233247,4.0,4
595,54.70838164104912,39.85189516769326,36.18369933370647,106.75763438054057,9.0,9
2511,57.85118514433536,42.065436726155184,37.92473201192413,110.91082194091295,2.0,2
5049,58.189833817824045,42.3730533633409,38.37991992216188,112.21385269855077,9.0,9
2021_Sep_01_SR-3501_SN19387Q4__00586.sed,58.71465919533377,42.535029403310986,38.43330059471738,112.07624273689896,5.0,5
2518,57.887708555361954,42.08626354694904,37.93179833816397,110.8818317111927,2.0,2
2021_Sep_01_SR-3501_SN19387Q4__00537.sed,56.79827479111107,41.21302324892294,37.16983216440682,108.31188141198272,5.0,5
2021_Sep_01_SR-3501_SN19387Q4__00257.sed,59.45685399483144,43.289882076563416,39.0765777922645,114.469159209363,4.0,4
2021_Sep_01_SR-3501_SN19387Q4__00024.sed,58.74914976535028,42.75117599507408,38.59806896384769,113.11685767211398,0.0,0
3097,30.67743394172168,21.62379600466253,18.66071060844392,55.18315923976974,8.0,8
2021_Aug_31_SR-3501_SN19387Q4__00622.sed,58.26590570398106,42.3907026131585,38.26927586942791,111.63542323085912,3.0,3
2021_Sep_01_SR-3501_SN19387Q4__00248.sed,59.66932429985688,43.41482872591677,39.19990736324758,114.7210958727244,4.0,4
2985,48.81900816545512,35.64763947069646,33.0076984535483,95.04503619835316,8.0,8
4685,50.393988960273546,36.281865595563296,32.25951049370317,94.55692714155091,7.0,7
1115,56.71481293945392,41.258330127399525,37.26975668142519,109.0405483431678,9.0,9
3710,57.264324275671605,41.53126126465929,37.30553438873363,109.23999606584648,7.0,7
2021_Aug_31_SR-3501_SN19387Q4__00390.sed,59.68077550863453,43.44332453791807,39.23155852532429,114.85733399617456,0.0,0
2021_Sep_01_SR-3501_SN19387Q4__00717.sed,52.87474184696512,37.84196770415717,33.36437976749713,98.49414183669168,6.0,6
2021_Sep_01_SR-3501_SN19387Q4__00821.sed,59.24733946904439,42.92437277656483,38.669176476787,113.22551614686012,6.0,6
2009,58.51777667141599,42.58070761531445,38.542443317456026,112.39262837861504,7.0,7
2021_Sep_01_SR-3501_SN19387Q4__01051.sed,54.44875013747313,39.00551904482681,35.54673144443369,101.22762085154945,6.0,6
2101,53.21733404650651,38.8622078955141,35.66231242122975,102.2335389195492,8.0,8
2021_Aug_31_SR-3501_SN19387Q4__00455.sed,59.76475351813362,43.48474376082568,39.26690930248412,114.95723067224856,0.0,0
821,52.65614130256137,38.246265377378,34.6485009211276,102.41394815912344,7.0,7
4830,57.86747403815953,42.11321462120823,38.10133359072347,111.15169414279406,7.0,7
2021_Aug_31_SR-3501_SN19387Q4__00191.sed,53.06660261412059,38.56044937004183,35.212510116667886,99.7566966870668,2.0,2
305,43.76819785121148,31.40357249800213,27.81581184123748,82.87722957875674,7.0,7
3602,40.95028237068911,29.45284055468982,26.37753219559865,77.2313012260763,8.0,8
1187,58.42585172868373,42.458660215322055,38.23966725284064,112.00239816477074,7.0,7
2021_Sep_01_SR-3501_SN19387Q4__00104.sed,59.66463313464202,43.41576724201207,39.19790166058623,114.732312462297,4.0,4
1030,57.64829053430181,41.87627214093248,37.6975248591813,110.3721988624787,2.0,2
2021_Sep_01_SR-3501_SN19387Q4__00259.sed,59.45739203835137,43.29011298535597,39.076712852685546,114.46969340670104,4.0,4
2021_Sep_01_SR-3501_SN19387Q4__00118.sed,59.67878705425804,43.41498670690802,39.196807202819976,114.73137339728068,4.0,4
4196,52.74731599021108,38.14803310640228,34.169156213662134,99.9273103569476,8.0,8
2021_Aug_30_SR-3501_SN19387Q4__00138.sed,46.45226247006225,33.27065284903113,29.38396214923761,85.00661006007195,1.0,1
2021_Sep_01_SR-3501_SN19387Q4__00004.sed,58.87556811214351,42.84501195309743,38.68132824294685,113.3545645091778,4.0,4
4747,58.79596860132437,42.75311231139413,38.5606298264984,112.87922324197964,9.0,9
3147,59.69117639625962,43.438105840688166,39.2137664709047,114.81705632301244,9.0,9
2021_Aug_31_SR-3501_SN19387Q4__00264.sed,45.03628949604187,33.14655669641356,30.546661602789403,85.82465181434084,2.0,2
285,40.28293585068502,29.014831755990933,25.74886808819162,76.19179903096695,9.0,9
779,49.080288294290106,35.76299776361768,32.73797487997045,96.33024811530946,2.0,2
2021_Aug_31_SR-3501_SN19387Q4__00505.sed,57.82628489927494,42.081720301798576,37.98789824478127,110.79341243575372,3.0,3
2021_Sep_01_SR-3501_SN19387Q4__00417.sed,57.26294712996821,41.5716386353574,37.44930247294018,109.3247301684809,5.0,5
1969,57.68938753527173,41.86919014834047,37.63968195738235,110.12310515560743,7.0,7
4294,58.68357674147299,42.65233500141019,38.42208599856448,112.46406740536727,7.0,7
2021_Sep_01_SR-3501_SN19387Q4__00906.sed,54.71634304701166,39.12180298237159,35.004426837426024,101.30596969384644,6.0,6
3834,55.984612606825934,40.62212877491639,36.503605535348726,106.70841059429178,2.0,2
2021_Aug_31_SR-3501_SN19387Q4__00640.sed,58.54670092299971,42.56805243319938,38.432496612633216,112.10513352352416,3.0,3
3688,47.86734371070151,34.73184799156478,31.266582508206856,91.48814535700788,2.0,2
2021_Sep_01_SR-3501_SN19387Q4__00797.sed,58.85815700517401,42.60713782409141,38.27705414174133,112.15122211040702,6.0,6
2021_Sep_01_SR-3501_SN19387Q4__01029.sed,49.671126352555305,35.817017788149656,32.63867858490893,91.18010995477388,6.0,6
936,58.5370010601263,42.56836212749492,38.38417339615472,112.44539548853568,9.0,9
2204,56.78580267939584,41.39906784196075,37.61881881939265,109.793326026283,2.0,2
2021_Aug_30_SR-3501_SN19387Q4__00192.sed,55.02542285426596,39.5907171116619,35.58576351619095,102.75516972045725,1.0,1
2021_Sep_01_SR-3501_SN19387Q4__00226.sed,59.611307675557,43.38667539995659,39.1712749717928,114.62509811368808,4.0,4
2021_Sep_01_SR-3501_SN19387Q4__00442.sed,57.90128279739924,42.01153922436595,37.86706971355624,110.43188435301532,5.0,5
5269,44.57134548542189,32.128866277371216,29.01635288240267,84.43415893289774,8.0,8
4436,57.415896734393264,41.70441234965223,37.54504517140072,109.92566228813158,2.0,2
2489,55.56488828629204,40.29687900889883,36.23742808407427,105.38023072949646,8.0,8
2852,58.54554148055391,42.5955446296874,38.5493819702471,112.4307023050973,7.0,7
4163,45.78542742485576,33.04092034902104,29.85722617826244,86.88820357083146,8.0,8
1278,59.28804554491771,43.1452436223972,38.956319804579735,114.0392032618806,9.0,9
5260,58.485993683243706,42.523333713963744,38.347445131369184,112.06809621639051,2.0,2
673,44.35861276207578,32.109044822333736,29.4352825456394,86.79200747792005,2.0,2
4070,58.2860371253006,42.43991907246544,38.41975931484916,112.4135767270058,9.0,9
2267,59.52948933394441,43.33093206033029,39.14141248184101,114.55284050696338,9.0,9
4682,50.573240123583766,36.40886650576056,32.37324260886895,94.88975702749138,7.0,7
3977,33.357394796441824,24.098886343749307,22.584474348577807,65.68093302917477,8.0,8
2021_Aug_30_SR-3501_SN19387Q4__00057.sed,57.77569849975236,41.77510745024552,37.45307685173016,109.63019714569762,1.0,1
2021_Aug_31_SR-3501_SN19387Q4__00531.sed,58.37890084911105,42.44021672933081,38.31669022582773,111.7063855600663,3.0,3
2094,51.02297726765403,37.29906015099405,34.38953447905056,98.66914747608266,8.0,8
2021_Aug_31_SR-3501_SN19387Q4__00488.sed,57.51962322282739,41.86267851753307,37.78801700607984,110.30654070255088,3.0,3
4880,47.1003488272174,34.40711361521831,32.04102592312154,92.0701130417996,8.0,8
580,29.526711497676345,20.82691560780284,18.54561890761482,54.15304597498408,8.0,8
4800,57.80490229530706,42.055580840806,38.06427205425909,110.95793728555624,7.0,7
427,45.26935520404033,32.593045699573004,28.948729363081227,87.17176354371662,4.0,4
4450,57.92134011950364,42.10544135388906,37.9451368635537,110.9200888996099,2.0,2
705,52.17667340873685,37.92600085792344,34.61002405906304,102.83577089143203,9.0,9
4828,57.9158933325391,42.15058825640152,38.13975649802549,111.26173325597932,7.0,7
4397,57.43666371027976,41.78207539766576,37.72361184929083,110.383408158133,9.0,9
1368,47.95336988379759,35.068324562574354,32.633005211778325,93.86426712451488,8.0,8
437,47.00125219444932,34.03320049564165,30.451018281322938,91.12947626105895,4.0,4
1024,53.45418174916632,38.762539515720846,34.863119486477835,102.017068350532,2.0,2
2021_Sep_01_SR-3501_SN19387Q4__00269.sed,59.48180177407954,43.31088479576008,39.09622245146252,114.49776179688432,4.0,4
2021_Sep_01_SR-3501_SN19387Q4__00327.sed,59.63214922666128,43.4031699528186,39.18192073369738,114.6725060506497,4.0,4
2167,50.40127902824061,36.88887503161304,33.93051609663004,99.3387549193622,2.0,2
2021_Aug_30_SR-3501_SN19387Q4__00142.sed,47.57669037978866,34.14393109775263,30.249409394625008,87.37313738529193,1.0,1
2021_Sep_01_SR-3501_SN19387Q4__00525.sed,56.30327515513803,40.85239993242389,36.83636705124893,107.46021710310052,5.0,5
349,36.7309591631872,26.976543040888195,25.354613194775663,71.8041342295138,2.0,2
347,36.73346163031215,26.978475589249463,25.357142320828785,71.80957758153534,2.0,2
2021_Sep_01_SR-3501_SN19387Q4__00724.sed,54.13037364126656,38.78925256371305,34.33654120073567,101.15938191379348,6.0,6
2998,51.383979336839445,37.52896011574837,34.49648488515035,99.01334690303354,8.0,8
1260,56.09312006340217,40.70949234148233,36.67778821029843,106.67322506798334,8.0,8
1455,56.30863526567097,41.076830413536776,37.37800206834234,108.81518530846316,2.0,2
2021_Aug_31_SR-3501_SN19387Q4__00181.sed,51.25402990713728,37.42279244977026,34.218480055949385,96.60430128589232,2.0,2
2021_Sep_01_SR-3501_SN19387Q4__01016.sed,47.03771686003337,34.14866182721998,31.130713751933484,86.47091081663795,6.0,6
2021_Sep_01_SR-3501_SN19387Q4__00076.sed,59.65349389698886,43.4205276421483,39.20616022778152,114.77085411600537,4.0,4
3453,55.80509158385315,40.60187017253241,36.67927478297568,107.3277032678486,9.0,9
4412,57.767695235009015,41.95748192263884,37.75152863621109,110.50914013615628,2.0,2
2251,59.60657108237284,43.383266662302496,39.1794010272505,114.66099951280754,9.0,9
1509,58.29166777266151,42.467437736622266,38.45145538629391,112.5485690896134,9.0,9
2021_Aug_31_SR-3501_SN19387Q4__00593.sed,57.641867985599376,41.94963202511752,37.865851780872205,110.602586181583,3.0,3
3178,57.00254381419404,41.37569197573311,37.20224972408307,108.7341505879124,2.0,2
4235,58.63333695541007,42.6205701964976,38.40506166055826,112.3908823259394,7.0,7
2021_Aug_31_SR-3501_SN19387Q4__00318.sed,54.41735592512156,39.395936856707095,35.935842387344664,102.27643338862724,2.0,2
2881,58.585566702337154,42.62287721858054,38.53425718377652,112.4883433923482,7.0,7
2021_Aug_31_SR-3501_SN19387Q4__00770.sed,58.27489106119447,42.328840299896136,38.21781020754291,111.34217506580362,3.0,3
2039,58.61791709498969,42.660836981788506,38.58185521421344,112.60925331856662,7.0,7
2021_Sep_01_SR-3501_SN19387Q4__00628.sed,56.484978266101706,41.019028583055146,36.930583099991445,107.9852767639068,5.0,5
33,30.206765462859234,15.110857486906257,12.501389888383024,52.5466901063786,9.0,9
486,53.323869068959766,38.8258302678679,35.24017102374755,103.96965578071624,9.0,9
2021_Aug_31_SR-3501_SN19387Q4__00079.sed,51.452473278598646,37.222366099608166,34.20229346637141,95.7963403912725,2.0,2
2289,49.62736623311574,35.9581361680938,32.256713101902406,94.65252372946546,7.0,7
2021_Aug_31_SR-3501_SN19387Q4__00388.sed,59.67961749772931,43.442440757572186,39.23031598181437,114.85428797742532,0.0,0
3483,52.21001493095673,37.88028590606253,34.05013599483446,99.80702960582434,7.0,7
174,45.66877266642122,33.064709165763794,29.931270036503825,87.91121140662663,9.0,9
2021_Sep_01_SR-3501_SN19387Q4__00818.sed,59.18568529823459,42.87073902818618,38.60300221975092,113.0424448116027,6.0,6
1844,59.63742570175658,43.399889826356855,39.17789463433776,114.71687355588725,9.0,9
2021_Aug_31_SR-3501_SN19387Q4__00372.sed,59.66201701257753,43.42935126241848,39.21931234024483,114.8344333168563,0.0,0
14,31.0675126180301,21.90194392473129,18.97754851373509,56.58024653570803,8.0,8
4922,56.892800345737065,41.44813783980068,37.61806106104014,109.41094302105768,2.0,2
1932,56.09812406743386,40.71459251581393,36.59602378390294,107.00868882611992,2.0,2
2261,57.77102976970093,42.10378780926301,38.16583425247735,111.65379958089504,9.0,9
3835,55.98615653882321,40.62263553560342,36.50244932093119,106.70818375729384,2.0,2
2884,54.17352872614053,39.527907697619966,36.12781071212011,105.35951002368358,7.0,7
2021_Aug_31_SR-3501_SN19387Q4__00269.sed,46.322618839403134,34.06231269390412,31.3190182641368,88.1648341426571,2.0,2
2213,57.50285396679524,41.92445048425465,38.04511032411352,110.89771920973354,2.0,2
4694,44.41932573002005,31.94104459128581,28.34545025439336,82.27859580807223,8.0,8
5313,58.54522640865239,42.546982366142174,38.32505731271189,112.16128886070526,7.0,7
209,45.360203449687575,32.814731676587826,29.586291447993865,87.0779509181562,9.0,9
1362,38.13547609742085,28.00760115376236,27.014728470829112,78.9696208714482,8.0,8
2021_Sep_01_SR-3501_SN19387Q4__00067.sed,59.64039174917059,43.4117685072546,39.19814022714168,114.7496437088011,4.0,4
3705,48.53206173129143,34.82626473852728,30.79242004221246,90.56151045122976,7.0,7
2021_Aug_30_SR-3501_SN19387Q4__00079.sed,58.32283472197289,42.17823428453157,37.88718096230363,110.83985091550772,1.0,1
5051,58.12403280592572,42.32646934084528,38.34162889381146,112.10446841519008,9.0,9
2911,57.79967627743142,42.10810083768501,38.1920432396293,111.10548994309252,2.0,2
2021_Aug_31_SR-3501_SN19387Q4__00328.sed,55.562007015260384,40.13281259621931,36.58225645217949,104.63195430280864,2.0,2
2563,46.648920755304246,33.671412725002085,30.433217232557,88.60453840295744,8.0,8
2021_Aug_30_SR-3501_SN19387Q4__00178.sed,52.87428421456386,38.103727805610646,34.134246579240404,98.31605278684307,1.0,1
2021_Aug_31_SR-3501_SN19387Q4__00040.sed,45.58177754656214,33.4023195377687,30.925557308058337,86.0828100232476,2.0,2
3737,29.3816687075118,20.62972631491164,17.7177637124369,52.56728519575156,8.0,8
2021_Aug_31_SR-3501_SN19387Q4__00237.sed,37.42594781004527,27.50045723601868,25.70005744332632,73.19263945856393,2.0,2
4408,57.594320057078,41.83433894948432,37.65685235908147,110.24770857263742,2.0,2
3612,53.87699008766829,39.08262973750895,35.157657242324355,102.47974775177671,8.0,8
2380,46.46440447409516,33.699668584671514,30.329400941852352,88.79941078572746,2.0,2
2205,56.6918014001275,41.31412539650688,37.51051750059557,109.50556208574554,2.0,2
2031,57.99366657994133,42.21493921649906,38.21837011384007,111.57931974903708,7.0,7
1882,51.20377623823917,37.03704249689925,33.115943471385606,95.5418688120833,8.0,8
5325,52.863037960022375,38.320641525321264,34.388722107330004,100.81896779654532,7.0,7
2021_Aug_30_SR-3501_SN19387Q4__00112.sed,59.502835885193576,43.17691320778085,38.974741273437374,114.0578931337978,1.0,1
4375,56.32118053105742,40.93940591093043,36.92367960654717,108.1036875550688,9.0,9
2021_Sep_01_SR-3501_SN19387Q4__00064.sed,59.64113400618297,43.41319607573541,39.19991986276229,114.76430431944009,4.0,4
2021_Sep_01_SR-3501_SN19387Q4__00389.sed,56.44180033031815,40.92899003231887,36.837359517224456,107.88896738094284,5.0,5
5145,54.971324212690746,39.982835333388735,36.10236238944394,105.63022471079024,9.0,9
2956,46.744272400117296,33.97122270297582,31.032386734323467,89.2944293857266,8.0,8
2021_Sep_01_SR-3501_SN19387Q4__00758.sed,58.32948444982141,42.21077197837606,37.80162686762514,110.95012215211572,6.0,6
2021_Sep_03_SR-3501_SN19387Q4__00168.sed,58.606476960081366,42.64471870497764,38.49808787438155,112.8615756373794,0.0,0
2931,57.14570556349944,41.67098620669256,37.85556719585854,110.3801248174477,2.0,2
3855,50.75525407223476,37.16842046177753,34.31309820382007,100.33423716267092,2.0,2
2021_Sep_01_SR-3501_SN19387Q4__00918.sed,55.81611566288224,39.90443418537485,35.82041412398932,103.827293718148,6.0,6
2585,48.3184444019789,34.928753938913744,31.586904678138904,91.99210969651534,8.0,8
4890,51.021941984644975,37.29869330500912,34.376415303020245,98.57426140920816,8.0,8
321,27.95060958145364,19.657109133228225,16.957003612945446,50.58742297932452,8.0,8
2040,58.64678395276697,42.68711400006144,38.616122476611295,112.70190756177564,7.0,7
844,28.91552737438992,20.34497385190236,17.526986600336514,51.82156456313403,8.0,8
2021_Aug_31_SR-3501_SN19387Q4__00091.sed,53.97413173277784,38.83868802961408,35.59188212139881,100.776529507824,2.0,2
2021_Sep_01_SR-3501_SN19387Q4__00493.sed,55.06312615729698,39.87832142657865,35.93724008139889,105.39571774353816,5.0,5
2021_Sep_01_SR-3501_SN19387Q4__00558.sed,57.46185777771851,41.6607412832315,37.59233141963018,109.41047895804851,5.0,5
2021_Aug_31_SR-3501_SN19387Q4__00142.sed,44.454817265229885,32.72538068463487,30.233065267780432,84.94187635498518,2.0,2
921,57.04020214405012,41.41119736884072,37.228969965563024,108.81076997239902,2.0,2
5356,45.6235633582246,32.823780982837945,29.38245628194913,85.97739154328755,8.0,8
1270,56.08017222827442,40.75860930897366,36.77607255996931,107.65671723335808,9.0,9
362,55.90572086805148,40.72651963582712,36.85621492424197,109.190334591295,4.0,4
4382,59.40597961440393,43.23417646111187,39.04147458484394,114.2626651139571,9.0,9
2021_Sep_01_SR-3501_SN19387Q4__00963.sed,35.275706008694925,25.825362131588985,23.788859336703226,64.60994374195192,6.0,6
2945,51.863050019163175,38.00201496181547,35.034134575523034,102.52638660467407,2.0,2
2869,58.06213201915142,42.2477713059124,38.218392513413406,111.60170656753856,7.0,7
2021_Aug_31_SR-3501_SN19387Q4__00620.sed,58.17490323494937,42.33073183762377,38.214047917669205,111.4940586293547,3.0,3
2021_Sep_01_SR-3501_SN19387Q4__01059.sed,56.6790736927405,40.68310556187176,37.05253725955659,106.62657319584191,6.0,6
2021_Sep_01_SR-3501_SN19387Q4__00494.sed,55.06535741317231,39.88034511714764,35.9391321401456,105.40149771337433,5.0,5
2186,57.22944615089504,41.68584570441081,37.783406314333234,110.03923144722783,2.0,2
1831,58.64807093525556,42.655700026288194,38.47159329335011,112.6973544568042,9.0,9
2021_Sep_01_SR-3501_SN19387Q4__00685.sed,58.59888147041463,42.47951124453706,38.324709770263226,111.83579912593926,5.0,5
3568,54.8876918412147,39.82732609212276,35.78812071842165,104.89387720193322,7.0,7
2472,45.875034383786925,32.991761459178406,29.490564731114205,86.42221639113214,8.0,8
4133,57.81548034843121,42.08262327159728,38.11861674008368,111.28606416862092,7.0,7
2021_Sep_03_SR-3501_SN19387Q4__00171.sed,58.756026785204725,42.7473151505784,38.58618981854015,113.06821518329583,0.0,0
1347,49.755407660632684,36.334629461689175,33.26583213464898,95.25633448832184,8.0,8
2021_Sep_01_SR-3501_SN19387Q4__00424.sed,57.42177020938489,41.6859944749654,37.55705842434531,109.59928583852609,5.0,5
2588,47.0264019728823,33.943317030772285,30.671365448205087,89.30886397441816,8.0,8
215,47.19424478691019,34.26782860602865,31.382005576783456,91.53308016025562,9.0,9
2021_Sep_01_SR-3501_SN19387Q4__00500.sed,55.09309422363789,39.908921127987085,35.96686726835681,105.41524570871287,5.0,5
4635,55.11811057094717,39.95470131257181,35.880166603221426,104.90168531208856,2.0,2
2021_Aug_31_SR-3501_SN19387Q4__00278.sed,48.41822754565504,35.53064490680333,32.5527848118075,91.8462241178748,2.0,2
2021_Sep_01_SR-3501_SN19387Q4__01048.sed,53.776145723160944,38.53761282407381,35.1161870594227,99.70710508661467,6.0,6
2399,58.27679029439913,42.35302877896204,38.15166085950205,111.5202811599876,2.0,2
2021_Aug_30_SR-3501_SN19387Q4__00105.sed,59.12552387107261,42.82628324828217,38.59879181540363,112.93160923694732,1.0,1
2859,52.87293796517265,38.58610447121892,35.29912497057393,103.00569173386089,7.0,7
2021_Sep_01_SR-3501_SN19387Q4__00548.sed,57.08795645926362,41.40976396112495,37.35389404358439,108.75861630708914,5.0,5
941,59.658710840237134,43.413835907251766,39.18777872281872,114.75863029451834,9.0,9
2021_Sep_01_SR-3501_SN19387Q4__00194.sed,59.506939411472686,43.33028010175128,39.12121086600023,114.50413828323276,4.0,9
2021_Aug_31_SR-3501_SN19387Q4__00785.sed,58.53625193427206,42.48045368916054,38.36080493191785,111.81695758215962,3.0,3
2056,45.68291689675361,33.201405102968266,30.374310187995743,87.33815176854964,8.0,8
2021_Aug_30_SR-3501_SN19387Q4__00273.sed,43.85929312362956,31.74540857971429,28.39111218067788,80.38816476431288,1.0,1
5368,58.34208217484698,42.40465126126981,38.208561804204,111.82849488273472,7.0,7
4215,44.058170905566286,31.741419424958213,28.45012035406508,83.13169317841479,8.0,8
2021_Aug_31_SR-3501_SN19387Q4__00790.sed,58.635305282336425,42.536648226107374,38.41540117568523,112.00384460713748,3.0,3
2860,52.847698748530505,38.54243513240239,35.21666657872005,102.7736339030017,7.0,7
2021_Aug_31_SR-3501_SN19387Q4__00042.sed,46.67324218277193,34.17266741263297,31.59444779936005,87.8944479207363,2.0,2
971,57.68127003046491,41.82812846221436,37.55817757571038,110.0516726286687,7.0,7
2021_Sep_01_SR-3501_SN19387Q4__00850.sed,48.20038675803485,34.24379472693862,30.05493200710088,87.52879025729858,6.0,6
2021_Aug_31_SR-3501_SN19387Q4__00095.sed,53.98858114061599,38.85243901271954,35.60368023942618,100.81779867082903,2.0,2
4247,52.63587856517949,38.16770524180074,34.26755453457207,100.41036872279966,7.0,7
2310,58.93299100765334,42.81419405736027,38.54399498604832,112.8632332348772,7.0,7
2021_Aug_30_SR-3501_SN19387Q4__00018.sed,56.45873173757656,40.72558542130865,36.35427736344708,106.76745931121292,1.0,1
3135,59.55825191358109,43.344530686018224,39.13394213555026,114.57570068480716,9.0,9
1105,58.8312525029631,42.75273678505354,38.504247976781,112.693452056888,7.0,7
780,49.03422256122778,35.69040651657457,32.63845559422191,95.96702961547771,2.0,2
4703,48.85722979812566,35.35735833048821,31.63259081752172,91.2278877953556,8.0,8
965,51.53524858984765,37.04408584056279,32.84402357398184,96.49306322373968,7.0,7
3760,31.37374068322385,22.21522650803721,19.249459605681245,56.42328087999151,8.0,8
2021_Aug_31_SR-3501_SN19387Q4__00579.sed,57.27125949429865,41.65591526127704,37.59459680483227,110.0234732685032,3.0,3
1482,50.446166063770505,36.95510122426524,34.081988398299686,100.09792578924134,2.0,2
816,53.88150768795538,39.24837009157379,35.67627008721939,105.76062071511684,9.0,9
2021_Aug_31_SR-3501_SN19387Q4__00671.sed,59.40175413987558,43.14281220704099,38.98357408433854,113.940225373501,3.0,3
21,46.40281848081116,33.29117627584237,29.47340813290385,87.73394450691846,7.0,7
3846,57.21681494264506,41.53731748150382,37.35922744210168,109.05436294330332,2.0,2
1358,36.48153634516288,26.70704100249508,25.317535220586635,72.81668948295204,8.0,8
1389,53.86557138132052,39.31221356580729,35.94421398116836,104.911531331928,7.0,7
3879,57.72450753780868,42.04674254477912,38.11178541483613,110.93081702233292,2.0,2
332,41.47026273429224,29.843079191160346,26.44802979698495,78.48012390687401,9.0,9
1117,59.421826788618056,43.24436551049411,39.04909162393084,114.31600619889628,9.0,9
3509,52.092629879699786,37.76755341293019,33.91377804408786,99.44976604813118,7.0,7
2539,58.514955344687976,42.53358310141433,38.32102918677098,112.22966761261743,7.0,7
3829,55.55895070155512,40.28468410196904,36.17535863346555,105.87128223343925,2.0,2
2021_Aug_30_SR-3501_SN19387Q4__00305.sed,49.39085311450916,35.69550384901184,32.08614298002087,91.01757914586244,1.0,1
2021_Aug_31_SR-3501_SN19387Q4__00218.sed,55.6882512023908,40.23343697734282,36.67694366343654,104.9577976965796,2.0,2
2259,58.16132053495053,42.36381286790365,38.37317428580644,112.28677407725726,9.0,9
3644,57.77248989900319,41.99446946322578,37.84444785482097,110.69950508839848,2.0,2
2021_Aug_31_SR-3501_SN19387Q4__00716.sed,57.303462878095374,41.70794711511216,37.6509952908229,109.9237295729607,3.0,3
2021_Aug_30_SR-3501_SN19387Q4__00291.sed,48.61884989302278,35.1765927384627,31.60110563654192,89.61169708845402,1.0,1
1998,57.89699891306586,42.13152262714345,38.171109007750005,111.31252618879996,7.0,7
5105,59.2211826904791,43.09685781574968,38.91812377263719,113.84909332976126,9.0,9
438,35.13478620212524,25.33643487745353,22.566231949247666,69.09074285523916,4.0,4
308,39.05857790235503,27.975655129776865,24.83198540369519,73.39880205353661,2.0,2
2021_Aug_30_SR-3501_SN19387Q4__00287.sed,47.79177834626958,34.61670344795989,31.08070036835722,88.15346302784694,1.0,1
2021_Sep_01_SR-3501_SN19387Q4__00651.sed,57.40189487391783,41.67482064966906,37.54224539046595,109.5105247105322,5.0,5
4751,58.801721227193,42.7588602709577,38.56757701860712,112.89463145023367,9.0,9
2401,58.255835406608654,42.34715226064018,38.15378831019345,111.51090627799242,2.0,2
3751,48.67147148874428,35.22443588189003,31.46358179670393,90.85958352398822,8.0,8
2021_Aug_31_SR-3501_SN19387Q4__00484.sed,57.40076841555197,41.77448296669008,37.70785273445907,110.11292753518994,3.0,3
2395,57.90427777967932,42.08839069470287,37.91190542525853,110.86057257452428,2.0,2
1249,53.97921911852865,39.184551229255874,35.33825826907571,102.78719564330474,8.0,8
2021_Sep_03_SR-3501_SN19387Q4__00187.sed,59.752734102565306,43.479332977058085,39.26164958939647,114.93392238074532,0.0,0
2021_Aug_31_SR-3501_SN19387Q4__00423.sed,59.723203223050334,43.46691730215821,39.25019752094218,114.89443298263184,0.0,0
189,31.13338593761005,22.64226111534444,20.310930036546026,60.05193148324304,2.0,2
989,51.11249501844442,36.73400733997964,32.556037541625884,95.65856169772292,7.0,7
4659,48.30579996401725,34.648061091376015,30.61013346413553,89.98893869625932,7.0,7
2311,58.934419368636,42.80933540943677,38.534803452942754,112.8435582819166,7.0,7
2281,59.59609273351003,43.376054551783774,39.173833338297946,114.64216014586998,9.0,9
5359,48.52782453190439,35.141520450051146,31.492573524259942,92.4435831866659,7.0,7
2021_Aug_31_SR-3501_SN19387Q4__00080.sed,51.453718634632295,37.22358440884875,34.20355909478266,95.7996369700848,2.0,2
5242,48.1151072080634,34.87974513975874,31.40953288315544,91.79657756528069,2.0,2
4804,58.2606038191262,42.38012469446068,38.324736626895145,111.7694751389929,7.0,7
2021_Aug_31_SR-3501_SN19387Q4__00031.sed,45.05957820958629,33.03859666875675,30.612873127564377,85.26405352567701,2.0,2
2021_Sep_01_SR-3501_SN19387Q4__00750.sed,58.22861124104916,42.12419949778332,37.69725913560535,110.710318959305,6.0,6
1258,55.66093045814232,40.45269939742186,36.50753602889488,106.20271693070906,8.0,8
2942,57.9771965706154,42.25835289883649,38.32833889895248,111.63408422760295,2.0,2
2976,35.1091510246249,25.43105701355204,23.80254056791316,68.91352480976612,8.0,8
4041,58.18149302181614,42.37693133275171,38.37641776932402,112.26860087783268,9.0,9
2461,59.506837328143554,43.31423753091623,39.11647199481052,114.45738056784252,9.0,9
2021_Sep_01_SR-3501_SN19387Q4__00039.sed,59.621952859354494,43.39893314179125,39.188444401673365,114.75114391735144,4.0,4
2021_Aug_30_SR-3501_SN19387Q4__00166.sed,51.81352730183656,37.36529793851258,33.41678151796588,96.2784365444884,1.0,1
2405,51.30820080645884,37.2556153196527,33.56341196430063,98.15515122656026,2.0,2
2021_Aug_30_SR-3501_SN19387Q4__00335.sed,55.33723840323224,39.7669819638559,35.94590318763579,103.38049215694808,1.0,1
2021_Aug_31_SR-3501_SN19387Q4__00796.sed,58.85446706240247,42.68378724506517,38.56001904897805,112.49131564576436,3.0,3
4882,47.11315510921401,34.41644843693909,32.051704864025965,92.0982619602872,8.0,8
2949,34.28949045716341,24.79714927347348,23.23007353580933,67.4436678027093,8.0,8
4136,57.77542425854888,42.06057924783384,38.109340708167565,111.24579252214336,7.0,7
2021_Sep_01_SR-3501_SN19387Q4__00112.sed,59.67595340462593,43.41622227421952,39.19766558454249,114.7331447696952,4.0,4
781,48.81948079135601,35.56145074696731,32.568324673432684,95.85557845251424,2.0,7
5144,55.10791060824302,40.089033047610044,36.20339830805335,105.92243425339828,9.0,9
270,11.826408811041738,8.798938495760993,8.39902709308269,24.281688088476614,5.0,5
4647,57.10047429220661,41.47263899256917,37.351649668678974,108.90591094771104,2.0,2
2021_Aug_31_SR-3501_SN19387Q4__00064.sed,49.327492657653416,35.894905993340274,33.06792000817725,92.0829387380886,2.0,2
2021_Sep_01_SR-3501_SN19387Q4__00736.sed,58.07091569393343,41.98551180594532,37.53365253875889,110.32185103155106,6.0,6
3681,58.0968228159252,42.22024523043093,38.02568630230445,111.23200827639238,2.0,2
281,40.28231510902613,29.01235534493292,25.746445999849715,76.1849983965403,9.0,9
2021_Sep_01_SR-3501_SN19387Q4__00464.sed,58.62086085590188,42.49378166344489,38.34254263609017,111.88256456935508,5.0,5
2021_Sep_01_SR-3501_SN19387Q4__00865.sed,50.5563357040767,36.146549910810826,31.993921690065488,92.83103990255955,6.0,6
2021_Sep_01_SR-3501_SN19387Q4__01010.sed,46.218524542819935,33.6120393669583,30.646875736670687,85.03186426463444,6.0,6
3707,48.527070712696585,34.822139351272845,30.78973642208472,90.55256176307444,7.0,7
3618,54.96438259061729,39.90533388606431,35.92714436391653,104.58618623420185,8.0,8
2021_Sep_01_SR-3501_SN19387Q4__00506.sed,55.67790271727778,40.3737180079848,36.394251284541376,106.37208596008657,5.0,5
1990,53.324339718349165,38.89812477700649,35.588772838279255,103.7482665911134,7.0,7
5057,58.09438374509075,42.31063473673032,38.32933126409976,112.07601237734713,9.0,9
4048,59.442464592007966,43.26467904958502,39.08351876584423,114.36746873695554,9.0,9
4855,47.6604434871401,34.70735915012116,31.704948451733777,90.99934473346438,8.0,8
3871,57.18907423537787,41.66275006491228,37.78857050676187,110.0263904658944,2.0,2
2021_Sep_01_SR-3501_SN19387Q4__00160.sed,59.42211461039484,43.26339421834266,39.06011479418446,114.41240859273312,4.0,4
2021_Sep_01_SR-3501_SN19387Q4__00546.sed,57.1067705548659,41.42610040204657,37.370315620962046,108.80850247865853,5.0,5
245,36.2984858557158,26.03223903803901,22.954391245533536,67.75477968205894,9.0,9
2021_Aug_31_SR-3501_SN19387Q4__00629.sed,58.36470202386164,42.45674363170079,38.32954773696048,111.808866732254,3.0,3
4135,57.80008503478108,42.0708334968694,38.104600521708896,111.25225969928223,7.0,7
2021_Aug_31_SR-3501_SN19387Q4__00762.sed,58.12556434336187,42.24360213698633,38.13702509426025,111.09850322122077,3.0,3
2021_Aug_31_SR-3501_SN19387Q4__00464.sed,56.6621990914193,41.20376126118244,37.18180383116978,108.82501721725934,3.0,3
2021_Aug_31_SR-3501_SN19387Q4__00371.sed,59.66487071174196,43.4313868827724,39.221096202558655,114.84007431847158,0.0,0
2021_Sep_01_SR-3501_SN19387Q4__00455.sed,58.29408421229665,42.27140520194345,38.12094525229279,111.18433544442232,5.0,5
2021_Sep_01_SR-3501_SN19387Q4__00335.sed,59.64501726953642,43.408518065868,39.18773452812317,114.6905311293898,4.0,4
1503,58.073167241660656,42.315411610209495,38.33271315338472,111.73485963298512,2.0,2
28,30.638578423249385,15.444682430677052,12.807354259666846,53.36121724365552,9.0,9
3593,55.22870305497258,40.053086787304174,36.09381818429063,104.73660175450554,8.0,8
2021_Sep_01_SR-3501_SN19387Q4__00999.sed,45.16457137826188,32.90531729454878,30.00708966365073,83.15742491537992,6.0,6
5058,58.17531354435725,42.36389172490942,38.3750826708276,112.21287072236844,9.0,9
203,30.729726427992567,22.35039025212254,20.177943906718653,59.32765099774112,2.0,2
1537,58.552056759510606,42.652559712155465,38.60699122955887,112.96048517903344,9.0,9
3477,56.18242325842076,40.87739604425602,36.92761320214901,108.0569439199573,9.0,9
2021_Aug_31_SR-3501_SN19387Q4__00544.sed,58.67357479345012,42.62682767223646,38.49356354358862,112.26348475068971,3.0,3
2021_Sep_01_SR-3501_SN19387Q4__00419.sed,57.26086400704376,41.569602712619,37.446832336844736,109.31931972107888,5.0,5
1193,58.47623652716456,42.48535785494043,38.24395345569317,112.010099794595,7.0,7
2021_Aug_30_SR-3501_SN19387Q4__00322.sed,53.68153605804353,38.59851160943894,34.83235346575381,99.64672281993262,1.0,1
2021_Aug_31_SR-3501_SN19387Q4__00416.sed,59.716201082764925,43.46398401341868,39.24819070687148,114.8895277679953,0.0,0
4651,57.13994457615407,41.50564153151271,37.38996552908925,109.01223808519536,2.0,2
534,29.49500670187163,20.738463364019672,17.899765854519842,53.26989517331615,8.0,8
1512,58.24938422286653,42.43875527914246,38.43307452841943,112.4901511541612,9.0,9
5350,56.58289133395784,41.10539667630251,37.05168700660789,107.86329232012804,8.0,8
5185,57.56436812232384,41.83659904820275,37.69783228717562,110.2799080524874,2.0,2
2025,57.82375777324173,42.09230963989141,38.1246805284694,111.32382751724926,7.0,7
2021_Sep_01_SR-3501_SN19387Q4__00875.sed,51.7851472272882,37.11245995893049,32.97893885502968,95.51494721267058,6.0,6
2873,58.04024365876332,42.2269562467163,38.189601011318686,111.52554670895664,7.0,7
5360,49.978834825100094,36.22695608998172,32.52874960721384,95.38209559489712,7.0,7
2265,59.52034817670307,43.32396735715919,39.13792431957181,114.54678850776308,9.0,9
5072,59.278675832850645,43.146547069544944,38.98558539680468,114.015592457307,9.0,9
2021_Sep_01_SR-3501_SN19387Q4__00429.sed,57.545592078787536,41.77060047055687,37.63629253570575,109.79826963390305,5.0,5
2021_Sep_01_SR-3501_SN19387Q4__01030.sed,49.67287721089572,35.81854391600939,32.639776689911784,91.18391232431976,6.0,6
4430,51.20555534151542,37.14216736147248,33.40224311490011,97.64326976569232,2.0,2
2021_Sep_01_SR-3501_SN19387Q4__00655.sed,57.380638181714986,41.656425504951386,37.523492629281264,109.45486361134628,5.0,5
2021_Sep_01_SR-3501_SN19387Q4__00431.sed,57.684388728779176,41.86522040248438,37.72618010729798,110.0414104848196,5.0,5
3008,38.58580856464245,28.316688649903035,27.20096164886865,79.12493910460866,8.0,8
2384,57.58245240990279,41.84617529348748,37.690790864069385,110.32164966047874,2.0,2
2021_Sep_01_SR-3501_SN19387Q4__00138.sed,59.71438662020245,43.430711194829335,39.21640623611239,114.79663450572744,4.0,4
2021_Sep_01_SR-3501_SN19387Q4__00905.sed,53.99821807402631,38.62478995199847,34.49411003732543,99.76338243978518,6.0,6
4705,48.84626300323776,35.348528672639446,31.620917888555507,91.196140704415,8.0,8
2021_Sep_01_SR-3501_SN19387Q4__00321.sed,59.61615770035408,43.39577503993818,39.17454413075672,114.65028682310287,4.0,4
4186,47.0929385620999,34.01836118747448,30.754668762542813,89.4863158337326,8.0,8
3606,52.93643285658654,38.36056802505561,34.47815646495275,100.63230100735144,8.0,8
2488,55.93138079017323,40.62127405291701,36.58523011634624,106.61098581548129,8.0,8
4388,59.37874156169376,43.217358525802375,39.02510824076917,114.19808943450371,9.0,9
2177,56.78638764153625,41.39120175009867,37.59516500036185,109.47703280035924,2.0,2
2021_Sep_01_SR-3501_SN19387Q4__00994.sed,44.22609446997789,32.26967706668709,29.436497495431382,81.54256371806966,6.0,6
1474,51.7106440824291,37.91338339697827,34.97463110761205,102.00089896646364,2.0,2
3641,57.65632078462511,41.895613723851845,37.74076723441454,110.47750888062136,2.0,2
1951,46.56597510176704,33.40496478042227,29.52622483726817,86.86349698217654,7.0,7
5030,59.24735518123435,43.121091238501634,38.96231984386398,113.97209591766838,9.0,9
2021_Aug_30_SR-3501_SN19387Q4__00032.sed,57.00592920413436,41.170154407326535,36.81619181573432,107.935296885887,1.0,1
4050,59.48529734850949,43.29620316905522,39.1104366551648,114.45039891534232,9.0,9
2021_Aug_31_SR-3501_SN19387Q4__00756.sed,57.97220229431149,42.15059865085428,38.05061483222951,110.84806299564944,3.0,3
2021_Aug_31_SR-3501_SN19387Q4__00556.sed,59.00668448008438,42.84638843590817,38.70516687765479,112.97420287533195,3.0,3
2021_Sep_01_SR-3501_SN19387Q4__00650.sed,57.23903924693545,41.5628290612062,37.43736082867385,109.23387394288372,5.0,5
2021_Aug_31_SR-3501_SN19387Q4__00728.sed,57.417562044363095,41.790532471071465,37.72543057716473,110.06233061211589,3.0,3
5110,59.259655834513566,43.12613247678449,38.94420968704854,113.91127700897354,9.0,9
3570,54.95227395123872,39.86493194465546,35.8046530103878,104.96153704350615,7.0,7
2172,56.27805578249068,41.01746260065802,37.28496752808896,108.63986989291148,2.0,2
2021_Sep_01_SR-3501_SN19387Q4__00261.sed,59.463492752808335,43.29563094884402,39.08184286919047,114.47618637672184,4.0,4
2021_Sep_01_SR-3501_SN19387Q4__00545.sed,56.88163324673632,41.26999838389648,37.22692927020623,108.39793490714544,5.0,5
3048,59.50775333322522,43.31569245819502,39.13166910186924,114.53526502658042,9.0,9
2021_Aug_31_SR-3501_SN19387Q4__00206.sed,55.21691084575315,39.92925339728389,36.41052777099095,103.97841888875206,2.0,2
299,44.19844223570209,31.51831852697613,27.634123037015744,81.2265484269846,9.0,9
4117,58.48521337892487,42.55551923036198,38.52064417909328,112.32037778067487,7.0,7
1491,57.13527341097042,41.65684692144846,37.82296421617227,110.32662897677308,2.0,2
4225,58.54291593694144,42.5363843598802,38.30655314337125,112.19846685311585,7.0,7
4652,46.29357154494112,33.35650331407972,29.77801006930549,86.87146657054353,2.0,2
2021_Aug_31_SR-3501_SN19387Q4__00172.sed,50.21779083327175,36.7533869870731,33.634248923535694,94.91871436880494,2.0,2
2021_Sep_01_SR-3501_SN19387Q4__00433.sed,57.68457419621154,41.86536197437788,37.72663325748319,110.04086871713824,5.0,5
3176,57.00085895626757,41.37380408487613,37.19871707584577,108.72778143099306,2.0,2
870,31.280161767369474,22.19079757317773,19.263708417162007,56.332359554775024,8.0,8
4280,53.21344443711915,38.53074632623985,34.51219285270023,101.19738574428231,7.0,7
2021_Aug_31_SR-3501_SN19387Q4__00523.sed,58.16145504918511,42.304768442773394,38.19083747500928,111.34481102391584,3.0,3
2393,57.70346415991591,41.94382159608559,37.784198337416825,110.52558270048542,2.0,2
3028,59.53527426213292,43.33313522974876,39.13758798023663,114.54072942985384,9.0,9
2021_Sep_01_SR-3501_SN19387Q4__00098.sed,59.66017299457377,43.41752363331273,39.20079847900894,114.7410041433178,4.0,4
2090,49.51619065343694,36.16519149040808,33.386896766218555,96.02359748644729,8.0,8
4170,53.59383742013149,38.90367318045507,35.09004078650379,102.10620330709308,8.0,8
1341,48.35677912904487,35.277922484065115,32.284687574446096,92.60950539517803,8.0,8
3601,41.36400109256434,29.79392135838918,26.711030566555056,78.20665058319987,8.0,8
3659,50.4015958740263,36.60900033232543,33.04598179004675,96.55914540448616,2.0,2
2021_Aug_31_SR-3501_SN19387Q4__00691.sed,56.26956746705963,40.940902895483234,36.94748478285828,108.22334653147166,3.0,3
2021_Sep_01_SR-3501_SN19387Q4__00428.sed,57.546151375963376,41.771273445945454,37.6375697510143,109.80108402556291,5.0,5
2021_Sep_01_SR-3501_SN19387Q4__00462.sed,58.62227769382403,42.49546892673671,38.34442166956892,111.88761477787274,5.0,5
565,42.62736733658794,30.67331781426353,27.44753503006009,80.77591402832937,2.0,2
2021_Sep_01_SR-3501_SN19387Q4__00729.sed,57.9423524817516,41.8758990858898,37.41105049418001,110.04768258533856,6.0,6
334,41.47224802887805,29.84440693473728,26.45039911780585,78.48512334772245,9.0,9
4028,53.28949595801432,38.914534351239794,35.69589729346991,102.39798378746464,8.0,8
3608,53.54867522605791,38.83021952379562,34.923796491371675,101.95377018778834,8.0,8
2021_Aug_30_SR-3501_SN19387Q4__00078.sed,58.319047232850096,42.174512883198354,37.883030421100166,110.82817109631064,1.0,1
500,54.29648378101084,39.51153380908447,35.713557003143265,105.83272537001396,9.0,9
1549,59.5723603518609,43.367087351065344,39.17647537265819,114.6607194823921,9.0,9
2021_Aug_30_SR-3501_SN19387Q4__00226.sed,57.691836291040914,41.57433653919395,37.53577393085906,109.10482996550316,1.0,1
3742,43.81280999982864,31.487576496931467,27.90988489521686,81.25302773994177,8.0,8
928,48.16323635242108,34.757330906864034,31.05760682081945,90.8446619009024,2.0,2
3196,57.74202123413694,41.88855190826137,37.63595332567815,110.23095635275796,7.0,7
5196,57.76886025256852,41.98086911783375,37.815239640179605,110.543323992804,2.0,2
4296,58.69205424978046,42.65955863755093,38.42962760701879,112.48685998584205,7.0,7
5203,47.47607946373,34.44139875966224,31.00555471053553,90.76656974954474,2.0,2
1337,46.02199153665758,33.556461240787584,30.86855277416896,88.56535394016417,8.0,8
2021_Aug_31_SR-3501_SN19387Q4__00500.sed,57.69496302826155,41.989929162975,37.90442070584797,110.59062075401366,3.0,3
2292,52.53222884212352,38.134844259429215,34.30745546558353,100.5430150831069,7.0,7
2190,57.77681587861789,42.09070419998045,38.158175025670296,111.04878444953336,2.0,2
2063,49.71422521046422,36.20978637492467,32.97686830616331,94.6021218320605,8.0,8
3858,50.63283895707736,37.060316793242535,34.19657167744833,99.91004918405724,2.0,2
3653,58.42353359147574,42.46522902616962,38.272729876825935,111.86989667670764,2.0,2
294,13.204678116789385,9.898682651886096,9.497408973583394,27.209761325390964,5.0,5
2892,50.91933208230442,37.259847286043374,34.314606561967025,100.43594856529452,2.0,2
2241,59.54472804501504,43.340442608895046,39.144823594899535,114.57303155245812,9.0,9
3635,47.45559410041838,34.43603001288143,31.06396199372798,90.78203584529362,2.0,2
905,46.21046097431153,33.26306457523374,29.64600006694339,86.66414268846549,2.0,2
2021_Aug_30_SR-3501_SN19387Q4__00310.sed,49.9484754499388,36.05729729487785,32.418813781981726,92.00162685257666,1.0,1
929,48.1573254741556,34.75381444026387,31.060478552290142,90.8425404836841,2.0,2
4923,57.582672518895,41.93442263261844,38.01204123148985,110.5770923630944,2.0,2
4230,58.46904395000404,42.48803962016072,38.26403277452789,112.02837166298676,7.0,7
3001,53.39677537996474,38.95787212128627,35.70566047424397,102.45688230175402,8.0,8
4308,53.12913951210761,38.48456424446844,34.4842826274956,101.09888127035288,7.0,7
554,28.638527953420454,20.383094693769586,18.81305930736817,53.6814696912876,8.0,8
3723,57.75750409715343,41.917610388376055,37.693067337973005,110.24659465318808,7.0,7
3763,31.252618667118824,22.12260799647194,19.16430619047724,56.19201550186287,8.0,8
2008,58.48844053030615,42.55445628243073,38.50412376385131,112.29953666149191,7.0,7
4060,59.52791138974104,43.32543419932206,39.13637028807258,114.50263430748646,9.0,9
1432,58.016283047949045,42.239507366096014,38.24689368274149,111.66231762622922,7.0,7
5077,59.145544481321735,43.05265706665372,38.89257925448455,113.70990147769156,9.0,9
583,47.18241095199767,33.84065998296892,29.952438832856146,89.20463836999974,7.0,7
5032,59.24294838018196,43.11948284020872,38.967142501914566,113.97407580696458,9.0,9
635,37.30084665258508,26.77382751451315,24.87897530049524,73.03488426276414,8.0,8
4236,58.63316041195495,42.62082472321481,38.4044329451924,112.39254036184788,7.0,7
3143,59.60706586457865,43.37880244976419,39.16273411147038,114.66020068318328,9.0,9
4896,53.36491770547647,38.95818224920539,35.67924225642895,102.42275502621854,8.0,8
2021_Aug_31_SR-3501_SN19387Q4__00485.sed,57.400188774509886,41.77380121058676,37.706980389474765,110.11037272981012,3.0,3
2021_Aug_31_SR-3501_SN19387Q4__00074.sed,51.43541829902631,37.20770624695919,34.18929186708394,95.75217204205566,2.0,2
2021_Aug_31_SR-3501_SN19387Q4__00251.sed,41.88239721415974,30.8827917863968,28.64311435802821,80.32335766235565,2.0,2
2021_Aug_31_SR-3501_SN19387Q4__00424.sed,59.72320547556224,43.4668293522175,39.250191034102656,114.89436271755488,0.0,0
5126,59.08098794689307,42.99697174360506,38.83272958474564,113.62289409546068,9.0,9
2021_Sep_01_SR-3501_SN19387Q4__00638.sed,56.88160942375473,41.31290995899339,37.20514592365227,108.65684729112655,5.0,5
2021_Sep_03_SR-3501_SN19387Q4__00190.sed,59.74992075321783,43.47708613265932,39.25898088266345,114.92759223881392,0.0,0
2021_Aug_31_SR-3501_SN19387Q4__00537.sed,58.53267055391736,42.53805740039245,38.409864373500255,111.9937226928958,3.0,3
2021_Aug_31_SR-3501_SN19387Q4__00099.sed,54.62143904002865,39.26511346416672,35.95958760764711,102.14266535263188,2.0,2
2021_Aug_30_SR-3501_SN19387Q4__00347.sed,58.15420497677209,41.9472202106859,37.98391250667144,110.38555076685029,1.0,1
2021_Sep_01_SR-3501_SN19387Q4__00220.sed,59.57198284590093,43.36710809963384,39.15281874129336,114.57158065409268,4.0,4
4216,44.86453437567107,32.31540431246384,28.961794802244864,84.62875450993971,8.0,8
2021_Sep_01_SR-3501_SN19387Q4__00892.sed,53.05710931977246,37.98790082339292,33.84455377257062,97.89083901030246,6.0,6
5052,58.14280641598273,42.34110650945749,38.359799427062725,112.15058056686752,9.0,9
3577,52.61793515150358,38.07468839876438,34.23258979480549,99.92741520355456,8.0,8
2021_Sep_01_SR-3501_SN19387Q4__00670.sed,58.02006526508786,42.08366717834247,37.93292421395032,110.61444787409349,5.0,5
2021_Aug_31_SR-3501_SN19387Q4__00021.sed,44.05848810980684,32.30763849422656,29.96923500708656,83.83585603957421,2.0,2
4099,53.25439272358352,38.81513689157807,35.44197773574551,103.43073712041767,7.0,7
2021_Aug_31_SR-3501_SN19387Q4__00280.sed,48.42402459727266,35.53364089062083,32.55512293073584,91.8552744476318,2.0,2
3709,57.266758500979066,41.53300074173211,37.30782478120325,109.24518584996376,7.0,7
2021_Sep_01_SR-3501_SN19387Q4__00884.sed,52.68986204682403,37.74142037465519,33.60081707217003,97.2044402238684,6.0,6
1297,56.12699042012811,40.80493365273962,36.84067161908908,107.79834355733306,9.0,9
4396,57.39696543619482,41.74694570474374,37.683144917135934,110.2850312410678,9.0,3
2541,58.58371406550829,42.59147161749671,38.37949229075304,112.3625794277827,7.0,7
2021_Sep_01_SR-3501_SN19387Q4__00965.sed,35.28600256270134,25.83349764065693,23.796802872962,64.63220883754536,6.0,6
1529,59.58787165197246,43.37459256078527,39.17769346403131,114.64168084331004,9.0,9
2021_Aug_31_SR-3501_SN19387Q4__00524.sed,58.16142269577036,42.30454472262536,38.19080982811265,111.34516401292942,3.0,3
348,36.73424557844993,26.97970812631569,25.359284535503008,71.81331445907142,2.0,2
2021_Sep_01_SR-3501_SN19387Q4__00577.sed,58.37256253463343,42.28664024516951,38.19909588127595,111.2834304187154,5.0,5
4453,58.240235374152576,42.3324853364968,38.14253581512773,111.4655462175034,2.0,2
3451,55.56078687659797,40.41327950990134,36.50128748933201,106.80888404686272,9.0,9
2021_Sep_01_SR-3501_SN19387Q4__00140.sed,59.714273980439415,43.43062104632758,39.2161553379525,114.7953176136161,4.0,4
861,48.19324471198264,34.84257728179746,31.07068448969876,89.72630709678418,8.0,8
5098,59.20169006034831,43.08047650273251,38.89834855003967,113.82359536001104,9.0,9
2021_Sep_01_SR-3501_SN19387Q4__00310.sed,59.58150186699882,43.38095275497422,39.16175087653533,114.62213265654748,4.0,4
3511,55.7809380302269,40.58077289334972,36.64883159947611,107.2677339697974,9.0,9
4420,57.8741936602392,42.03597721184815,37.82376129478026,110.6615132241541,2.0,2
2021_Aug_30_SR-3501_SN19387Q4__00067.sed,58.03701533690679,41.969880960859385,37.66145766999054,110.20181879276598,1.0,1
2074,35.2649986704016,25.663767552301582,24.18690790464792,69.75105127913703,8.0,8
4831,57.8974996709556,42.147244999054585,38.15206733218665,111.27609886994014,7.0,7
2021_Aug_30_SR-3501_SN19387Q4__00121.sed,35.60058051328482,25.51425510290593,22.48988648383349,65.39953751740902,1.0,1
5205,46.68988501007605,33.8405743536201,30.414793573734705,89.09126070832039,2.0,2
2021_Sep_01_SR-3501_SN19387Q4__00671.sed,58.24538000430974,42.23515906655503,38.08174667293943,111.0673359197834,5.0,5
2021_Aug_31_SR-3501_SN19387Q4__00448.sed,59.746584475539066,43.47434093703301,39.25585653631589,114.92000993679667,0.0,0
871,31.27212382179871,22.1858454386186,19.26497743323269,56.32641916517935,8.0,8
2827,53.65434080253589,39.16172399626949,35.846856111786664,104.5176404401275,7.0,7
1088,58.42332052738985,42.44399843811635,38.20532249254828,111.9294186699334,7.0,7
2021_Sep_01_SR-3501_SN19387Q4__00265.sed,59.467062436685694,43.29816784241432,39.08443983605631,114.48305102734734,4.0,4
4646,56.141834632946086,40.75163038338096,36.65910016868985,106.94061744788944,2.0,2
2021_Sep_03_SR-3501_SN19387Q4__00186.sed,59.75140265351518,43.47820893888927,39.26003601438606,114.93073914533396,0.0,0
2021_Sep_01_SR-3501_SN19387Q4__01049.sed,53.77253119102079,38.53435543714068,35.11329180421602,99.69629957182366,6.0,6
2021_Aug_30_SR-3501_SN19387Q4__00252.sed,35.63092594515041,25.549063485205057,22.523126538019355,63.83888066674267,1.0,1
5081,58.0741861933958,42.29868785721427,38.32493578590225,112.04152721005268,9.0,9
3663,49.76810661588581,36.130725887455725,32.565432354502846,95.21841357672184,2.0,2
2021_Sep_01_SR-3501_SN19387Q4__00400.sed,56.7356943769589,41.165927868182656,37.06140137334863,108.36601567898936,5.0,5
3910,51.62774690992676,37.81713100386952,34.85928234462003,101.85616265556962,2.0,2
4185,48.45666037080943,35.07267579422926,31.74216089965637,92.378541830509,8.0,8
545,44.21392744378355,31.82660030898828,28.482170998661264,83.84041305248545,2.0,2
2021_Aug_31_SR-3501_SN19387Q4__00801.sed,59.16526381111444,42.9086090154549,38.77845419246985,113.24286303416366,3.0,3
4808,53.49386250764052,38.99453082545327,35.63428512773261,103.80403419694736,7.0,7
4869,33.45917439223838,24.221976051062647,22.789507338026432,65.85813022172817,8.0,8
1094,58.51817832999524,42.52711798551023,38.30055798444608,112.15707286724955,7.0,7
4763,59.21407733869948,43.08057895742131,38.88926152254176,113.77461041782904,9.0,9
3527,59.40766221728212,43.24567076569213,39.06688459464285,114.30064389292548,9.0,9
2021_Sep_01_SR-3501_SN19387Q4__00030.sed,59.61275684500213,43.390338545558,39.18036554564026,114.74801914944804,4.0,4
